,DJI_label,NASDAQ_label,NYSE_label,RUSSELL_label,S&P_label
0,1,1,1,1,1
1,0,0,0,0,0
2,1,0,0,1,0
3,0,1,0,1,0
4,0,1,0,0,0
5,0,0,0,0,0
6,0,1,0,1,0
7,1,1,1,1,1
8,0,0,0,0,0
9,0,0,0,0,0
10,1,1,1,1,1
11,0,0,0,0,0
12,1,1,1,1,1
13,1,1,1,1,1
14,1,1,1,1,1
15,0,0,0,0,0
16,1,1,1,1,1
17,0,0,0,0,0
18,1,1,1,1,1
19,1,1,1,1,1
20,0,0,0,0,0
21,0,0,0,0,0
22,1,0,1,1,1
23,1,1,1,1,1
24,0,0,1,0,0
25,1,1,1,1,1
26,0,0,0,0,0
27,1,1,1,0,1
28,0,0,0,0,0
29,1,0,1,0,1
30,0,0,0,0,0
31,0,0,0,0,0
32,0,0,0,0,0
33,0,0,0,0,0
34,1,1,1,0,1
35,1,1,1,1,1
36,0,0,0,0,0
37,1,1,1,0,1
38,0,0,0,1,0
39,0,0,0,0,0
40,0,0,0,0,0
41,1,1,0,0,0
42,0,0,0,0,0
43,0,0,0,0,0
44,1,0,0,0,1
45,0,0,0,0,0
46,0,0,0,0,0
47,0,0,0,0,0
48,0,1,0,1,1
49,0,1,1,1,0
50,0,0,0,0,0
51,0,0,0,0,0
52,0,0,1,1,1
53,1,1,1,1,1
54,0,0,0,0,0
55,0,0,0,0,0
56,1,1,1,1,1
57,0,1,1,1,1
58,0,1,0,1,0
59,0,0,0,0,0
60,0,0,1,0,0
61,1,1,1,1,1
62,0,0,0,0,0
63,0,0,0,0,0
64,1,0,0,0,0
65,1,1,1,1,1
66,0,0,0,0,0
67,0,0,0,0,0
68,0,0,0,0,0
69,0,0,1,0,0
70,0,0,0,0,0
71,0,0,1,0,0
72,1,1,1,1,1
73,0,1,0,1,0
74,0,0,0,0,0
75,0,0,1,0,1
76,0,0,1,0,0
77,0,0,0,0,0
78,0,1,1,1,1
79,1,1,1,1,1
80,0,0,0,0,0
81,0,0,0,0,0
82,1,1,1,1,1
83,0,0,0,0,0
84,1,1,1,1,1
85,1,1,1,1,1
86,1,1,1,1,1
87,1,1,1,1,1
88,0,0,0,0,0
89,1,0,1,0,1
90,0,0,0,0,0
91,1,1,1,1,1
92,1,1,1,1,1
93,0,0,1,0,0
94,1,1,1,1,1
95,1,1,1,1,1
96,1,1,1,1,1
97,0,0,0,0,0
98,1,1,1,1,1
99,1,1,1,1,0
100,1,1,1,0,1
101,0,0,0,0,0
102,1,1,1,1,1
103,1,1,1,1,1
104,0,0,0,0,0
105,0,0,0,0,0
106,1,1,1,1,1
107,1,1,1,1,1
108,0,1,0,1,0
109,1,1,1,0,1
110,0,0,0,0,0
111,0,0,0,0,0
112,1,0,0,0,1
113,0,0,0,0,0
114,0,0,1,1,1
115,0,0,0,1,0
116,0,0,0,0,0
117,1,1,1,1,1
118,1,1,1,1,1
119,0,1,1,1,1
120,1,1,1,1,1
121,1,0,0,0,0
122,1,1,1,1,1
123,1,1,1,1,1
124,1,1,1,1,1
125,1,1,1,1,1
126,1,1,1,1,1
127,0,0,0,1,0
128,0,0,0,0,0
129,0,0,0,0,0
130,0,0,0,0,0
131,0,0,1,1,0
132,0,0,0,0,0
133,0,0,1,1,1
134,1,1,0,1,0
135,1,1,1,1,1
136,0,0,0,0,0
137,0,0,0,0,0
138,1,1,1,1,1
139,0,0,0,0,0
140,0,0,0,0,0
141,0,0,0,0,0
142,0,1,1,1,1
143,1,1,1,1,1
144,1,1,1,1,1
145,1,0,0,0,0
146,0,0,0,0,0
147,1,1,1,1,1
148,0,0,0,0,0
149,1,1,1,1,1
150,1,1,1,1,1
151,0,0,0,0,0
152,1,1,1,1,1
153,1,1,1,1,1
154,1,1,1,1,1
155,1,1,1,1,1
156,1,0,0,0,0
157,0,0,0,0,0
158,0,0,0,0,0
159,1,1,1,1,1
160,1,0,1,1,1
161,1,1,1,1,1
162,1,1,1,1,1
163,0,0,0,0,0
164,1,1,1,1,1
165,0,0,0,0,0
166,1,1,1,1,1
167,0,1,0,0,0
168,0,0,0,0,0
169,0,0,0,0,0
170,0,0,0,0,0
171,1,1,1,1,1
172,0,0,0,0,0
173,0,0,0,0,0
174,0,0,0,0,0
175,0,0,0,0,0
176,1,0,0,1,1
177,0,0,0,0,0
178,0,0,1,1,1
179,0,0,1,0,0
180,0,0,0,0,0
181,0,1,1,1,1
182,1,1,1,1,1
183,1,1,1,1,1
184,0,0,0,0,0
185,1,1,1,1,1
186,0,0,0,0,0
187,1,1,1,0,1
188,1,1,1,1,1
189,0,0,0,0,0
190,1,1,1,1,1
191,0,0,0,0,0
192,0,1,0,1,1
193,1,0,1,1,1
194,0,0,0,0,0
195,0,0,0,1,0
196,0,0,0,0,0
197,0,0,0,0,0
198,1,1,1,1,1
199,1,0,1,1,0
200,0,0,0,0,0
201,1,1,1,1,1
202,0,0,0,0,0
203,0,0,1,1,0
204,1,0,0,0,0
205,0,0,0,0,0
206,0,0,1,1,0
207,1,0,1,1,1
208,1,0,0,1,0
209,0,0,0,0,1
210,0,1,1,1,0
211,0,0,0,0,0
212,0,0,0,0,0
213,0,0,0,0,0
214,0,0,0,0,0
215,1,0,1,0,1
216,1,1,1,1,1
217,0,0,0,0,0
218,1,1,1,1,1
219,1,1,1,1,1
220,0,1,1,0,1
221,1,1,1,1,1
222,1,0,0,0,0
223,0,0,0,0,0
224,0,0,0,0,0
225,1,0,1,0,1
226,1,1,1,1,1
227,0,0,0,0,0
228,1,1,1,1,1
229,1,1,1,1,1
230,1,1,1,1,1
231,0,0,0,0,0
232,0,0,0,0,0
233,0,0,0,0,0
234,1,0,1,0,1
235,1,0,1,0,0
236,0,0,0,1,0
237,1,0,0,0,0
238,0,0,0,0,0
239,0,1,0,1,0
240,0,0,0,1,0
241,1,1,1,1,1
242,0,0,0,0,0
243,1,0,1,0,0
244,1,0,0,0,0
245,0,0,0,0,0
246,0,0,0,0,0
247,0,1,1,1,1
248,1,0,1,0,0
249,0,1,0,1,0
250,0,0,0,0,0
251,1,1,1,1,1
252,0,1,0,1,1
253,0,0,0,0,0
254,0,1,1,1,1
255,0,0,0,0,0
256,1,0,1,1,1
257,1,1,1,1,1
258,1,0,1,0,1
259,0,0,0,0,0
260,0,0,0,0,0
261,1,1,1,1,1
262,0,0,0,0,0
263,0,0,0,1,0
264,1,1,1,1,1
265,1,1,1,1,1
266,0,1,0,1,0
267,0,0,0,0,0
268,1,0,1,0,0
269,0,0,0,0,0
270,0,0,0,0,0
271,1,1,1,1,1
272,0,0,0,0,0
273,0,0,0,0,0
274,0,1,1,1,1
275,0,0,0,0,0
276,0,0,1,0,0
277,0,0,0,0,0
278,0,0,0,0,0
279,0,1,1,1,1
280,1,0,1,0,0
281,0,0,0,0,0
282,1,0,0,0,0
283,1,1,1,1,1
284,0,0,0,0,0
285,0,0,0,0,0
286,0,0,0,0,0
287,1,1,1,1,1
288,1,1,1,1,1
289,1,0,1,0,1
290,0,0,0,0,0
291,0,0,0,0,0
292,1,1,1,1,1
293,0,0,0,0,0
294,0,0,0,0,0
295,1,1,1,1,1
296,1,1,1,1,1
297,0,0,0,0,0
298,1,1,1,1,1
299,1,1,1,1,1
300,0,0,0,0,0
301,1,1,1,1,1
302,1,1,1,1,1
303,1,1,1,1,1
304,0,0,0,0,0
305,0,0,0,0,0
306,0,0,0,0,0
307,1,1,1,1,1
308,0,0,0,0,0
309,0,0,0,0,0
310,0,0,0,0,0
311,1,1,1,1,1
312,0,0,0,0,0
313,0,0,0,0,0
314,1,0,1,0,1
315,0,0,0,0,0
316,0,1,0,0,0
317,1,0,0,0,1
318,0,0,0,0,0
319,1,1,1,1,1
320,1,1,1,1,1
321,0,1,1,1,1
322,1,1,1,1,1
323,0,0,0,0,0
324,0,1,0,0,0
325,0,0,0,0,0
326,1,1,1,1,1
327,0,0,0,0,0
328,0,0,0,0,0
329,0,0,0,0,0
330,1,0,1,1,1
331,0,0,0,0,0
332,0,0,0,0,0
333,0,0,0,0,0
334,0,0,0,0,0
335,1,1,1,1,1
336,0,1,1,1,1
337,1,1,1,1,1
338,1,1,1,1,1
339,0,0,0,0,0
340,0,0,0,0,0
341,0,0,0,0,0
342,1,1,1,1,1
343,0,0,0,0,0
344,1,1,1,1,1
345,1,1,1,1,1
346,1,0,1,1,1
347,0,0,0,0,0
348,0,0,0,0,0
349,1,1,1,1,1
350,1,1,1,1,1
351,1,1,0,1,1
352,0,0,0,0,0
353,0,0,0,0,0
354,0,0,0,0,0
355,0,0,0,0,0
356,1,1,1,1,1
357,1,0,1,1,1
358,1,1,1,1,1
359,1,1,1,1,1
360,1,1,0,0,1
361,1,1,1,1,1
362,0,0,0,0,0
363,1,1,1,1,1
364,0,1,0,1,0
365,0,0,0,0,0
366,1,1,1,1,1
367,0,1,1,0,0
368,0,1,0,0,0
369,0,0,0,0,0
370,0,0,0,0,0
371,1,1,1,1,1
372,1,0,1,0,1
373,1,1,1,1,1
374,0,0,0,0,0
375,0,0,0,0,0
376,0,0,0,0,0
377,0,0,0,0,0
378,0,0,0,0,0
379,1,0,1,0,1
380,0,0,1,0,0
381,0,0,0,0,0
382,1,1,1,1,1
383,1,1,1,1,1
384,1,1,1,1,1
385,0,0,0,0,0
386,1,1,1,1,1
387,0,0,0,0,0
388,1,1,1,1,1
389,0,0,0,0,0
390,1,1,0,1,1
391,0,0,0,0,0
392,1,0,1,0,0
393,1,1,1,1,1
394,1,1,1,1,1
395,1,1,1,1,1
396,1,0,1,1,1
397,1,1,1,1,1
398,1,1,1,1,1
399,1,1,1,1,1
400,0,0,0,0,0
401,1,1,1,1,1
402,0,1,1,1,1
403,1,1,1,1,1
404,0,0,0,0,0
405,1,1,1,1,1
406,0,0,0,0,0
407,0,0,0,0,0
408,0,0,0,0,0
409,1,1,1,1,1
410,0,1,0,1,0
411,1,1,1,1,1
412,1,1,1,1,1
413,0,0,0,1,0
414,0,0,0,0,0
415,0,0,0,0,0
416,1,1,1,1,1
417,0,0,0,0,0
418,0,0,0,0,0
419,0,0,0,0,0
420,0,0,0,1,0
421,1,1,1,1,1
422,1,1,1,1,1
423,1,1,1,1,1
424,0,0,0,0,0
425,1,1,1,1,1
426,1,1,1,1,1
427,0,0,0,0,0
428,0,0,0,0,0
429,0,0,0,0,0
430,0,0,0,0,0
431,0,0,0,0,0
432,1,1,1,1,1
433,0,1,1,1,1
434,1,1,1,1,1
435,1,1,1,1,1
436,0,0,0,0,0
437,0,0,0,0,0
438,0,0,0,0,0
439,1,1,1,1,1
440,0,1,0,0,0
441,1,1,1,1,1
442,1,1,1,1,1
443,0,0,0,0,0
444,0,0,0,0,0
445,0,0,0,0,0
446,1,1,1,1,1
447,0,0,0,0,0
448,1,0,1,0,0
449,0,0,0,0,0
450,1,0,1,1,1
451,0,0,0,0,0
452,1,1,1,1,1
453,0,0,0,0,0
454,1,1,1,1,1
455,0,1,0,0,0
456,0,0,0,0,0
457,0,0,0,0,0
458,1,1,1,1,1
459,0,0,0,0,0
460,0,0,0,0,0
461,0,1,1,1,0
462,1,1,1,1,1
463,1,1,1,1,1
464,0,0,0,0,0
465,0,0,0,0,0
466,1,1,1,1,1
467,0,0,0,1,0
468,0,0,0,0,0
469,1,1,1,1,1
470,0,0,0,0,0
471,0,0,0,0,0
472,1,1,1,1,1
473,0,0,0,0,0
474,1,1,1,1,1
475,1,1,1,1,1
476,0,1,0,0,1
477,1,1,1,1,1
478,1,1,1,1,1
479,1,1,1,1,1
480,1,1,1,1,1
481,0,0,0,0,0
482,0,1,0,1,0
483,0,0,0,0,0
484,1,0,1,1,1
485,1,0,0,0,1
486,0,0,0,0,0
487,0,1,0,1,0
488,0,1,0,1,0
489,1,1,1,1,1
490,0,0,0,0,0
491,1,1,1,1,1
492,1,1,1,1,1
493,1,1,1,1,1
494,0,0,0,0,0
495,1,0,0,0,0
496,1,1,1,1,1
497,0,0,0,0,0
498,0,1,0,0,0
499,0,0,0,0,0
500,0,0,0,0,0
501,1,0,1,0,0
502,1,1,1,1,1
503,0,0,0,0,0
504,1,1,1,1,1
505,0,0,0,0,0
506,0,1,1,1,0
507,1,0,1,0,0
508,1,0,1,1,1
509,0,0,0,0,0
510,0,0,0,0,0
511,1,0,1,0,0
512,0,0,0,0,0
513,1,1,1,1,1
514,0,0,0,0,0
515,0,0,0,0,0
516,0,0,0,0,0
517,0,1,0,0,0
518,1,1,0,1,0
519,1,0,1,0,1
520,0,0,0,0,0
521,1,1,1,1,1
522,1,0,1,0,1
523,1,1,1,1,1
524,1,0,0,0,1
525,0,0,0,0,0
526,1,0,0,0,0
527,0,0,0,0,0
528,1,1,1,1,1
529,0,0,0,1,0
530,0,0,0,0,0
531,0,0,1,1,0
532,1,1,1,1,1
533,0,0,0,0,0
534,0,0,1,1,1
535,1,1,1,1,1
536,0,0,0,0,0
537,0,1,0,1,0
538,0,1,0,1,0
539,1,1,1,1,1
540,0,0,0,0,0
541,1,0,0,1,0
542,1,0,1,1,0
543,0,0,0,1,0
544,1,1,1,1,1
545,0,0,0,0,0
546,1,1,1,1,1
547,1,1,1,0,1
548,1,1,1,1,1
549,0,0,0,0,0
550,0,0,0,0,0
551,0,0,0,0,0
552,0,1,1,1,0
553,0,0,0,0,0
554,0,0,1,1,1
555,0,0,0,0,0
556,1,1,0,1,0
557,0,0,0,0,0
558,1,1,1,1,1
559,1,0,1,0,1
560,1,1,1,1,1
561,0,0,0,0,0
562,0,0,0,0,0
563,1,1,1,1,1
564,1,1,1,1,1
565,0,1,1,1,1
566,0,1,0,1,0
567,0,0,0,0,0
568,1,1,1,1,1
569,1,1,1,1,1
570,1,0,1,1,1
571,1,1,1,1,1
572,1,1,1,1,1
573,0,0,0,0,0
574,0,0,0,0,0
575,1,1,1,1,1
576,0,1,0,0,1
577,0,0,0,0,0
578,1,1,1,1,1
579,1,1,1,1,1
580,0,1,0,0,0
581,1,1,1,1,1
582,0,1,0,0,0
583,0,0,0,0,0
584,0,0,0,0,0
585,0,0,0,0,0
586,1,1,1,1,1
587,0,0,0,1,0
588,1,0,1,0,1
589,1,1,1,1,1
590,1,1,1,1,1
591,1,0,0,0,0
592,1,1,1,1,1
593,1,1,1,1,1
594,0,1,0,0,0
595,1,0,1,1,1
596,1,1,1,1,1
597,1,1,1,1,1
598,1,1,1,1,1
599,1,1,1,1,1
600,1,1,1,1,1
601,0,0,0,0,0
602,1,1,1,1,0
603,1,0,1,0,0
604,0,1,0,0,0
605,1,1,1,1,1
606,0,0,0,0,0
607,1,1,1,1,1
608,1,1,1,1,1
609,1,1,1,1,1
610,1,0,1,1,0
611,0,0,0,0,0
612,0,0,0,0,0
613,0,1,0,1,1
614,0,0,0,0,0
615,1,1,1,1,1
616,0,0,0,0,0
617,1,1,1,1,1
618,0,0,0,0,0
619,0,0,0,0,0
620,1,0,1,0,0
621,0,0,0,0,0
622,1,0,1,1,1
623,1,1,1,1,1
624,0,0,0,0,0
625,1,1,1,1,1
626,0,0,0,0,0
627,0,0,0,0,0
628,1,1,1,1,1
629,0,0,0,0,0
630,1,0,0,0,0
631,0,0,0,0,0
632,1,0,1,1,1
633,1,1,1,1,1
634,1,1,1,1,1
635,1,1,1,1,1
636,1,1,0,1,1
637,1,1,1,1,1
638,0,0,0,0,0
639,1,1,1,1,1
640,0,0,0,0,0
641,0,0,0,0,0
642,0,0,0,1,0
643,1,1,1,1,1
644,1,1,1,1,1
645,1,1,1,1,1
646,0,1,0,0,1
647,0,0,0,0,0
648,0,0,0,0,0
649,1,1,1,1,1
650,1,1,1,1,1
651,1,1,1,1,1
652,1,1,1,1,1
653,0,0,0,0,0
654,0,0,0,0,0
655,0,0,0,0,0
656,0,1,0,1,0
657,1,0,0,0,0
658,0,0,0,1,0
659,1,0,1,1,1
660,0,1,0,1,1
661,1,0,0,0,0
662,0,0,0,0,0
663,0,0,0,0,0
664,1,1,1,1,1
665,1,1,1,1,1
666,1,0,1,1,0
667,1,1,1,1,1
668,0,0,0,0,0
669,1,0,1,0,1
670,1,0,1,0,1
671,0,0,1,0,0
672,1,1,1,1,1
673,0,0,0,0,0
674,1,0,1,0,1
675,0,1,1,1,1
676,0,0,0,0,0
677,0,0,0,0,0
678,1,1,1,1,1
679,0,0,0,0,0
680,0,0,0,0,0
681,0,0,0,0,0
682,0,0,0,0,0
683,1,1,1,1,1
684,0,1,1,1,1
685,0,0,0,1,0
686,0,1,1,1,1
687,1,0,0,0,1
688,1,1,1,1,1
689,1,1,1,1,1
690,1,1,1,1,1
691,0,0,0,0,0
692,1,1,1,1,1
693,0,1,0,0,0
694,1,0,0,0,0
695,0,0,0,1,0
696,0,0,0,0,0
697,0,1,0,1,1
698,1,1,1,1,1
699,1,1,1,1,1
700,1,1,1,1,1
701,1,1,0,0,0
702,0,1,1,1,1
703,0,0,0,0,0
704,0,0,0,0,0
705,0,0,0,0,0
706,1,1,1,1,1
707,1,1,1,1,1
708,0,0,0,1,0
709,1,1,1,1,1
710,1,1,1,1,1
711,0,0,0,0,0
712,0,0,1,1,1
713,1,1,0,0,0
714,0,0,0,0,0
715,1,1,1,1,1
716,0,0,0,0,0
717,0,0,0,0,0
718,1,1,1,1,1
719,1,1,1,1,1
720,0,0,0,0,0
721,1,1,0,1,0
722,1,1,1,1,1
723,1,1,1,1,1
724,1,1,1,1,1
725,0,0,0,0,0
726,0,0,0,0,0
727,1,0,0,0,0
728,0,0,0,0,0
729,0,0,0,0,0
730,1,0,1,0,1
731,1,1,1,1,1
732,0,0,0,0,0
733,0,0,0,0,0
734,0,1,0,1,0
735,1,1,1,1,1
736,1,1,0,0,1
737,0,1,0,1,0
738,0,0,0,0,0
739,0,1,0,0,0
740,0,0,0,0,0
741,0,0,0,0,0
742,1,1,0,1,0
743,1,1,1,1,1
744,1,1,1,1,1
745,0,0,0,0,0
746,0,0,0,0,0
747,1,1,1,0,1
748,0,0,0,0,0
749,1,1,1,1,1
750,1,1,1,1,1
751,1,1,1,1,1
752,1,1,0,1,1
753,1,1,1,1,1
754,0,0,0,0,0
755,0,0,0,0,0
756,1,1,1,1,1
757,0,0,0,0,0
758,1,1,1,1,1
759,1,1,1,1,1
760,0,0,0,0,0
761,0,0,0,0,0
762,0,0,1,1,1
763,0,1,0,1,1
764,0,1,0,0,0
765,1,0,1,1,0
766,0,0,0,0,0
767,0,1,0,0,0
768,0,0,0,0,0
769,0,0,1,1,0
770,0,1,0,0,0
771,0,0,0,0,0
772,1,0,1,0,1
773,0,1,0,0,0
774,1,1,1,1,1
775,1,1,1,0,1
776,0,0,0,0,0
777,1,1,1,1,1
778,0,0,0,0,0
779,0,1,0,0,0
780,1,1,1,1,1
781,0,0,0,0,0
782,1,1,1,1,1
783,0,1,0,0,0
784,1,0,1,0,0
785,1,0,1,0,0
786,0,1,1,1,1
787,0,0,0,0,0
788,1,1,1,1,1
789,1,1,1,1,1
790,0,0,0,0,0
791,1,1,1,1,1
792,0,0,0,0,0
793,0,0,0,0,0
794,1,1,1,0,1
795,0,0,0,0,0
796,0,0,0,0,0
797,0,0,0,0,0
798,0,1,0,0,0
799,0,0,0,0,0
800,0,0,0,0,0
801,0,0,0,0,0
802,0,1,1,1,1
803,0,0,1,0,0
804,0,0,0,0,0
805,1,1,1,1,1
806,1,1,1,1,1
807,0,1,1,1,1
808,0,0,0,0,0
809,1,1,1,1,1
810,0,0,0,0,0
811,1,1,1,1,1
812,0,0,0,0,0
813,1,0,1,0,1
814,0,0,0,0,0
815,1,1,0,1,1
816,0,0,1,1,0
817,1,1,1,1,1
818,0,0,0,0,0
819,1,1,1,1,1
820,0,0,0,0,0
821,0,0,0,1,0
822,0,0,0,0,0
823,0,0,0,0,0
824,1,1,1,1,1
825,1,1,1,1,1
826,0,0,0,0,0
827,1,1,1,1,1
828,1,1,1,1,1
829,0,0,0,0,0
830,0,0,0,0,0
831,0,0,0,0,0
832,1,0,0,0,0
833,0,0,0,0,0
834,0,1,1,1,1
835,0,0,0,0,0
836,0,0,0,0,0
837,1,1,1,1,1
838,0,0,0,0,0
839,0,0,0,0,0
840,1,0,0,0,0
841,0,0,0,0,0
842,0,0,0,0,0
843,1,1,1,1,1
844,0,0,0,0,0
845,1,0,1,1,0
846,0,0,0,0,0
847,0,0,0,0,0
848,1,1,1,1,1
849,0,0,0,0,0
850,1,1,0,0,1
851,0,0,0,0,0
852,1,1,1,1,1
853,1,1,1,0,1
854,0,1,1,1,1
855,0,0,0,0,0
856,1,1,1,1,1
857,0,0,0,0,0
858,1,1,1,1,1
859,0,0,0,0,0
860,1,1,1,1,1
861,1,1,1,1,1
862,0,0,0,0,0
863,0,0,0,0,0
864,1,0,0,0,1
865,1,1,1,1,1
866,1,1,1,1,1
867,0,0,0,0,0
868,1,1,1,1,1
869,0,0,0,0,0
870,0,0,0,0,0
871,1,1,1,1,1
872,1,1,1,1,1
873,0,1,0,0,0
874,1,1,1,1,1
875,0,0,0,0,0
876,0,0,0,0,0
877,0,0,0,0,0
878,1,0,1,1,1
879,0,0,0,0,0
880,1,1,1,1,1
881,0,0,1,0,0
882,0,0,0,0,0
883,0,0,0,0,0
884,0,0,0,0,0
885,1,0,1,0,0
886,0,0,0,0,0
887,0,0,0,0,0
888,0,0,0,0,0
889,1,1,1,1,1
890,0,0,0,0,0
891,0,0,0,0,0
892,1,1,0,0,0
893,0,0,0,0,0
894,0,1,0,1,1
895,1,0,1,1,1
896,0,0,0,0,0
897,0,0,1,1,0
898,1,1,1,1,1
899,1,0,1,0,0
900,1,0,0,0,1
901,0,0,0,0,0
902,0,0,0,1,0
903,1,0,1,0,1
904,1,1,1,1,1
905,1,1,1,1,1
906,0,0,0,0,0
907,1,1,1,1,1
908,1,0,1,0,1
909,0,0,0,1,0
910,1,1,1,1,1
911,1,1,1,1,1
912,1,1,1,1,1
913,1,1,1,1,1
914,1,0,0,0,0
915,1,1,1,1,1
916,0,0,0,0,0
917,0,0,0,0,0
918,1,1,1,0,1
919,1,1,1,1,1
920,0,0,0,0,0
921,0,0,0,0,0
922,1,1,1,1,1
923,0,0,0,0,0
924,0,0,0,0,0
925,0,0,0,0,0
926,1,0,0,0,0
927,0,0,0,0,0
928,0,0,0,0,0
929,0,1,0,1,0
930,1,1,1,1,1
931,0,0,0,0,0
932,0,1,0,0,0
933,0,0,0,0,0
934,0,0,0,0,0
935,1,0,1,1,1
936,1,1,1,1,1
937,1,1,1,1,1
938,1,0,1,0,1
939,1,1,1,1,1
940,0,0,0,0,0
941,1,1,1,1,1
942,1,1,1,1,1
943,0,0,0,0,0
944,1,1,1,1,1
945,1,1,1,1,1
946,0,0,0,0,0
947,1,1,1,1,1
948,1,1,1,1,1
949,0,1,0,1,0
950,0,0,0,0,0
951,0,0,0,0,0
952,0,0,0,0,0
953,1,1,1,1,1
954,0,0,0,0,0
955,1,0,0,0,0
956,0,0,0,0,0
957,1,0,1,1,0
958,0,0,0,0,0
959,1,1,1,1,1
960,0,0,0,0,0
961,0,0,0,1,0
962,1,1,1,1,0
963,0,0,0,0,0
964,1,1,1,1,1
965,1,1,1,1,1
966,0,0,0,1,0
967,0,0,0,0,0
968,1,0,1,1,1
969,0,1,0,1,0
970,1,1,1,1,1
971,0,0,0,0,0
972,0,0,0,0,0
973,1,0,1,1,1
974,0,0,0,0,0
975,0,0,0,1,0
976,0,0,0,0,0
977,0,1,1,1,1
978,1,1,1,1,1
979,1,1,1,1,1
980,0,0,0,0,0
981,0,0,0,0,0
982,0,0,1,1,1
983,0,0,1,0,0
984,0,0,0,0,0
985,1,0,0,0,1
986,1,1,1,1,1
987,1,1,1,1,1
988,1,0,1,1,1
989,1,1,1,0,1
990,0,0,0,0,0
991,0,0,0,1,0
992,1,1,1,1,1
993,1,1,1,1,1
994,1,1,1,0,1
995,0,0,0,0,1
996,0,0,0,0,0
997,1,1,1,1,1
998,0,0,0,0,0
999,0,1,1,1,1
1000,0,0,0,0,0
1001,0,0,0,0,0
1002,0,0,0,0,0
1003,0,0,0,0,0
1004,1,1,0,1,1
1005,0,1,0,1,1
1006,0,0,0,0,0
1007,1,1,1,1,1
1008,0,1,0,0,1
1009,1,1,1,1,1
1010,0,0,0,0,0
1011,1,0,1,1,1
1012,1,1,0,0,0
1013,1,0,0,0,0
1014,1,1,1,1,1
1015,0,0,0,0,0
1016,0,0,0,0,0
1017,1,0,1,0,1
1018,0,1,1,1,1
1019,1,0,0,0,0
1020,1,0,0,0,0
1021,1,1,1,1,1
1022,1,1,1,1,1
1023,1,1,1,1,1
1024,0,0,0,0,0
1025,1,1,1,1,1
1026,0,0,0,0,0
1027,1,1,1,1,1
1028,1,1,1,1,1
1029,0,0,0,0,0
1030,1,1,1,1,1
1031,0,0,0,0,0
1032,0,0,0,0,0
1033,0,0,1,0,0
1034,0,0,0,0,0
1035,1,0,0,0,1
1036,0,0,0,0,0
1037,0,0,0,0,0
1038,1,0,0,0,0
1039,1,1,1,1,1
1040,0,0,0,0,0
1041,1,1,1,0,1
1042,0,0,0,0,0
1043,1,1,1,1,1
1044,0,0,1,0,0
1045,0,0,0,0,0
1046,0,1,0,1,0
1047,1,1,1,1,1
1048,0,0,0,0,0
1049,1,0,1,1,1
1050,0,1,0,1,0
1051,0,1,1,1,0
1052,1,1,1,1,1
1053,1,1,1,1,1
1054,1,0,1,0,0
1055,1,1,1,1,1
1056,1,1,1,0,1
1057,0,0,0,0,0
1058,0,0,0,0,0
1059,1,1,1,1,1
1060,0,0,0,0,0
1061,1,1,1,1,1
1062,1,1,1,1,1
1063,0,0,0,1,0
1064,1,1,1,1,1
1065,1,1,0,1,1
1066,0,0,0,0,0
1067,0,0,0,0,0
1068,0,0,0,0,0
1069,0,0,0,0,0
1070,1,1,1,1,1
1071,1,1,1,1,1
1072,1,1,1,1,1
1073,0,0,0,0,0
1074,0,0,0,0,0
1075,1,1,1,1,1
1076,1,1,1,1,1
1077,0,0,0,0,0
1078,0,0,0,0,0
1079,0,0,0,0,0
1080,1,0,0,0,0
1081,0,0,0,0,0
1082,0,0,0,0,0
1083,1,1,1,1,1
1084,1,0,1,1,0
1085,1,1,1,1,1
1086,0,1,0,1,0
1087,0,0,0,0,0
1088,0,0,0,0,0
1089,1,0,0,1,1
1090,1,1,0,0,1
1091,0,0,0,1,0
1092,1,1,1,1,1
1093,0,1,0,0,0
1094,0,1,1,1,1
1095,0,0,1,0,0
1096,0,0,0,0,0
1097,0,1,1,1,0
1098,1,1,1,1,1
1099,1,1,1,1,1
1100,0,0,0,0,0
1101,0,0,0,0,0
1102,1,1,1,1,1
1103,0,0,0,0,0
1104,0,0,0,0,0
1105,0,0,0,0,0
1106,0,0,0,0,0
1107,1,1,1,1,1
1108,0,0,0,0,0
1109,0,1,0,1,0
1110,0,1,0,1,0
1111,1,1,1,1,1
1112,0,0,0,0,0
1113,0,0,0,0,0
1114,0,0,0,0,0
1115,0,0,0,0,0
1116,0,0,1,1,1
1117,1,1,1,1,1
1118,1,1,1,1,1
1119,0,0,0,0,0
1120,0,0,0,0,0
1121,0,0,0,0,0
1122,0,0,0,0,0
1123,0,1,0,0,0
1124,0,0,0,0,0
1125,1,0,1,1,1
1126,1,1,1,1,1
1127,0,0,0,0,0
1128,1,1,1,1,1
1129,0,0,0,0,0
1130,1,0,0,0,1
1131,0,0,0,0,0
1132,0,1,0,1,0
1133,0,0,0,0,0
1134,1,1,1,1,1
1135,1,1,1,1,1
1136,0,0,0,0,0
1137,1,1,1,1,1
1138,0,0,1,1,0
1139,0,0,0,0,0
1140,0,1,1,1,1
1141,0,0,0,1,0
1142,1,1,1,1,1
1143,0,0,0,0,0
1144,1,1,1,1,1
1145,0,0,0,0,0
1146,1,0,0,0,0
1147,1,1,0,1,0
1148,1,1,1,1,1
1149,0,1,0,1,0
1150,1,1,1,0,1
1151,1,0,1,0,0
1152,1,1,1,1,1
1153,1,1,1,1,1
1154,0,0,0,0,0
1155,1,1,1,1,1
1156,0,0,1,0,0
1157,1,1,1,1,1
1158,0,0,0,0,0
1159,0,0,0,0,0
1160,1,1,1,1,1
1161,0,0,0,0,0
1162,0,0,0,0,0
1163,1,0,1,1,1
1164,0,0,0,0,0
1165,0,0,0,0,0
1166,0,1,0,1,0
1167,0,0,0,0,0
1168,1,0,1,0,1
1169,0,0,0,0,0
1170,0,0,0,0,0
1171,0,1,0,1,0
1172,1,1,1,1,1
1173,0,0,0,0,0
1174,1,0,1,0,1
1175,0,1,0,1,1
1176,1,1,1,1,1
1177,0,0,0,0,0
1178,1,0,1,0,1
1179,1,1,1,1,1
1180,0,0,0,0,0
1181,1,0,0,0,0
1182,1,1,1,1,1
1183,0,1,1,1,1
1184,0,0,0,0,0
1185,0,0,1,0,0
1186,0,0,0,0,0
1187,0,1,1,1,1
1188,1,1,1,1,1
1189,1,1,1,1,1
1190,0,0,0,0,0
1191,1,1,1,1,1
1192,0,0,0,0,0
1193,1,1,1,1,1
1194,1,1,1,1,1
1195,1,1,1,1,1
1196,1,0,1,0,0
1197,0,0,0,0,0
1198,1,1,0,1,1
1199,1,1,1,1,1
1200,0,0,0,0,0
1201,1,1,1,1,1
1202,1,1,1,1,1
1203,1,1,1,1,1
1204,1,0,0,0,0
1205,1,1,1,0,1
1206,1,0,0,0,0
1207,0,0,0,1,0
1208,0,0,0,0,0
1209,0,0,0,0,0
1210,1,1,1,1,1
1211,0,0,0,0,0
1212,0,0,0,0,0
1213,0,0,1,1,1
1214,0,0,0,0,0
1215,1,1,1,1,1
1216,0,0,0,0,0
1217,0,0,0,0,0
1218,1,0,1,1,1
1219,0,1,1,1,1
1220,0,1,0,0,0
1221,0,0,0,0,0
1222,0,1,0,0,0
1223,0,0,0,0,0
1224,0,0,0,0,0
1225,1,0,1,0,1
1226,0,0,1,1,0
1227,1,0,0,1,0
1228,0,1,0,1,0
1229,0,0,0,0,0
1230,1,1,1,1,1
1231,0,0,0,0,0
1232,0,0,0,0,0
1233,0,0,0,0,0
1234,1,0,1,1,1
1235,0,0,0,0,0
1236,0,0,1,1,1
1237,1,1,1,1,1
1238,0,0,0,0,0
1239,0,0,0,0,0
1240,1,1,1,1,1
1241,0,0,0,0,0
1242,1,1,1,1,1
1243,1,0,1,0,1
1244,1,1,1,1,1
1245,0,0,0,0,0
1246,1,1,1,1,1
1247,1,1,1,1,1
1248,1,1,1,1,1
1249,0,0,0,0,0
1250,0,0,0,0,0
1251,0,0,0,0,0
1252,0,0,0,0,0
1253,0,1,0,0,0
1254,0,0,0,0,1
1255,0,0,0,0,0
1256,1,0,0,0,0
1257,1,1,1,1,1
1258,1,1,1,1,1
1259,0,1,1,1,1
1260,1,1,1,1,1
1261,1,1,1,1,1
1262,0,0,0,0,0
1263,0,0,0,0,0
1264,1,1,1,1,1
1265,1,1,1,1,1
1266,1,1,1,0,1
1267,1,1,1,1,1
1268,1,1,1,1,1
1269,0,0,0,0,0
1270,0,0,1,1,0
1271,0,0,0,1,0
1272,0,0,0,0,0
1273,1,0,1,1,1
1274,0,0,0,0,0
1275,1,1,1,1,1
1276,1,1,1,1,1
1277,0,0,0,0,0
1278,1,1,1,1,1
1279,0,0,0,0,0
1280,0,0,0,0,0
1281,0,1,1,1,1
1282,0,0,0,0,0
1283,1,1,1,1,1
1284,1,1,1,1,1
1285,0,0,0,0,0
1286,1,0,1,1,1
1287,0,0,0,0,0
1288,0,0,0,0,0
1289,0,0,0,0,0
1290,1,0,0,0,1
1291,1,0,1,1,1
1292,0,0,0,0,0
1293,1,0,1,0,1
1294,0,0,0,0,0
1295,0,1,1,0,1
1296,1,0,1,0,1
1297,1,1,1,1,1
1298,0,0,0,0,0
1299,1,1,1,1,1
1300,1,1,1,1,1
1301,0,0,0,0,0
1302,1,1,1,1,1
1303,0,0,0,0,0
1304,1,1,1,1,1
1305,1,1,0,0,1
1306,0,0,0,0,0
1307,1,1,1,1,1
1308,0,0,0,0,0
1309,1,0,1,0,1
1310,0,0,0,0,0
1311,1,0,1,0,1
1312,0,0,0,0,0
1313,1,1,0,1,1
1314,1,1,1,1,1
1315,1,1,1,1,1
1316,1,1,1,1,1
1317,0,0,0,0,0
1318,0,0,0,0,0
1319,1,1,1,1,1
1320,1,1,1,1,1
1321,0,0,0,0,0
1322,0,0,0,0,0
1323,1,1,1,1,1
1324,0,0,0,0,0
1325,0,0,0,1,0
1326,0,0,0,0,0
1327,1,1,1,0,1
1328,0,1,0,1,0
1329,0,0,0,0,0
1330,1,1,1,1,1
1331,1,1,1,1,1
1332,0,0,0,0,0
1333,1,0,1,1,1
1334,0,0,0,0,0
1335,0,0,0,0,0
1336,0,0,0,1,0
1337,1,1,1,1,1
1338,0,1,0,0,0
1339,1,1,1,1,1
1340,1,1,1,1,1
1341,0,0,0,0,0
1342,0,0,0,0,0
1343,1,1,1,1,1
1344,1,1,1,0,1
1345,0,0,0,0,0
1346,0,0,0,0,0
1347,1,1,1,0,1
1348,1,1,1,1,1
1349,1,0,0,1,1
1350,0,0,0,0,0
1351,0,1,0,1,0
1352,0,0,1,0,0
1353,0,1,1,1,1
1354,1,0,1,0,1
1355,0,0,0,1,0
1356,1,1,1,1,1
1357,1,1,1,1,1
1358,0,0,0,0,0
1359,1,1,1,1,1
1360,1,1,1,1,1
1361,0,0,0,0,0
1362,1,1,0,0,1
1363,0,0,0,0,0
1364,1,1,1,1,1
1365,1,0,1,0,1
1366,1,1,1,1,1
1367,1,1,1,1,0
1368,0,0,0,0,0
1369,0,0,0,0,0
1370,1,1,1,1,1
1371,1,1,1,1,1
1372,0,0,0,0,0
1373,0,0,0,1,0
1374,0,0,0,0,0
1375,1,1,1,1,1
1376,0,0,0,0,0
1377,0,0,0,0,0
1378,1,1,1,1,1
1379,1,1,1,1,1
1380,0,1,0,1,1
1381,1,1,1,1,1
1382,0,0,0,0,0
1383,0,0,0,0,0
1384,1,1,0,1,1
1385,1,1,1,1,1
1386,0,0,0,0,0
1387,1,1,1,1,1
1388,0,0,0,0,0
1389,0,0,0,0,0
1390,0,0,0,0,0
1391,0,0,0,0,0
1392,1,1,1,1,1
1393,0,0,0,0,0
1394,1,0,1,1,0
1395,0,0,1,1,0
1396,1,1,1,1,1
1397,1,1,1,0,1
1398,1,1,1,1,1
1399,1,1,1,1,1
1400,1,1,1,1,1
1401,0,0,0,0,0
1402,0,0,0,0,0
1403,1,0,1,0,0
1404,1,1,0,0,1
1405,1,1,1,1,1
1406,1,1,1,1,1
1407,1,0,0,0,0
1408,1,1,1,1,1
1409,1,1,1,1,1
