"BMI","Age_6","Age_7","Age_8","Age_9","Age_10","Age_11","Age_12","Age_13","Age_14","Age_15","Age_16","Age_17","Age_18","Age_19","Age_20","Age_21","Age_22","Age_23","Age_24","Age_25","Age_26","Age_27","Age_28","Age_29","Age_30","Age_31","Age_32","Age_33","Age_34","Age_35","Age_36","Age_37","Age_38","Age_39","Age_40","Age_41","Age_42","Age_43","Age_44","Age_45","Age_46","Age_47","Age_48","Age_49","Age_50","Age_51","Age_52","Age_53","Age_54","Age_55","Age_56","Age_57","Age_58","Age_59","Age_60","Age_61","Age_62","Age_63","Age_64","Age_65","Age_66","Age_67","Age_68","Age_69","Age_70","Age_71","Age_72","Age_73","Age_74","Age_75","Age_76","Age_77","Age_78","Age_79","Age_80","Age_81","Age_82","Age_83","Age_84","Age_85"
10,1520,1588,1658,1731,1806,1883,1962,2042,2122,2203,2284,2364,2443,2520,2595,2667,2734,2797,2855,2906,2951,2990,3024,3054,3083,3111,3140,3173,3210,3254,3307,3371,3448,3540,3652,3786,3946,4139,4369,4644,4972,5357,5805,6320,6905,7566,8305,9124,10024,11003,12056,13174,14344,15548,16764,17965,19116,20181,21121,21895,22473,22847,23019,22998,22793,22424,21908,21267,20523,19699,18816,17894,16951,16004,15067,14152,13268,12422,11620,10867
11,1532,1594,1658,1724,1792,1861,1931,2001,2072,2143,2214,2284,2352,2419,2484,2547,2606,2662,2714,2761,2803,2840,2875,2907,2938,2969,3002,3038,3079,3125,3178,3241,3315,3402,3504,3625,3767,3934,4131,4363,4636,4952,5314,5725,6186,6701,7269,7892,8569,9297,10073,10889,11738,12607,13482,14344,15173,15946,16638,17223,17682,18010,18208,18278,18228,18065,17800,17446,17014,16518,15972,15386,14775,14147,13514,12883,12262,11658,11076,10519
12,1543,1600,1659,1719,1780,1841,1904,1966,2029,2091,2153,2214,2274,2333,2389,2444,2497,2546,2593,2637,2677,2714,2749,2783,2817,2851,2887,2927,2970,3018,3073,3136,3208,3291,3386,3497,3625,3773,3945,4144,4375,4639,4938,5273,5645,6055,6503,6990,7514,8073,8663,9281,9919,10570,11223,11868,12490,13075,13606,14067,14444,14735,14939,15058,15095,15053,14940,14762,14526,14240,13912,13551,13162,12755,12335,11909,11482,11060,10646,10245
13,1555,1607,1661,1715,1770,1825,1880,1936,1991,2046,2100,2154,2206,2257,2307,2356,2402,2447,2490,2531,2570,2607,2643,2678,2715,2752,2791,2834,2880,2931,2987,3050,3121,3202,3292,3396,3513,3647,3799,3973,4172,4397,4648,4927,5233,5567,5929,6319,6735,7176,7639,8120,8615,9119,9625,10125,10609,11068,11491,11867,12187,12448,12650,12794,12881,12914,12895,12829,12720,12573,12392,12182,11948,11696,11430,11154,10872,10589,10307,10030
14,1566,1614,1663,1712,1762,1811,1860,1910,1958,2007,2054,2101,2147,2192,2236,2279,2321,2362,2402,2441,2479,2516,2553,2590,2628,2669,2711,2756,2805,2858,2917,2981,3052,3130,3218,3316,3425,3548,3685,3840,4015,4209,4425,4661,4918,5196,5496,5815,6154,6510,6883,7268,7664,8066,8470,8870,9259,9632,9980,10296,10574,10812,11009,11166,11283,11362,11404,11411,11386,11332,11252,11148,11025,10885,10731,10567,10396,10219,10041,9864
15,1578,1622,1666,1711,1755,1799,1843,1887,1930,1972,2014,2055,2096,2135,2175,2213,2251,2289,2326,2363,2400,2438,2476,2515,2556,2598,2644,2692,2743,2799,2859,2925,2996,3074,3160,3254,3357,3471,3598,3738,3894,4066,4253,4457,4678,4914,5167,5434,5716,6012,6319,6637,6962,7292,7623,7952,8275,8586,8881,9154,9401,9621,9812,9975,10111,10219,10300,10357,10389,10400,10390,10363,10319,10261,10191,10112,10025,9932,9836,9739
16,1590,1630,1670,1710,1750,1789,1828,1866,1904,1942,1979,2015,2051,2086,2121,2156,2191,2226,2261,2297,2334,2371,2410,2451,2494,2539,2587,2638,2692,2751,2813,2880,2953,3031,3115,3206,3306,3414,3532,3661,3803,3957,4124,4304,4497,4702,4919,5148,5388,5639,5899,6166,6440,6718,6997,7276,7551,7818,8075,8316,8540,8745,8930,9096,9243,9370,9478,9568,9641,9697,9738,9765,9779,9782,9775,9760,9739,9712,9682,9649
17,1602,1638,1674,1710,1745,1780,1815,1849,1882,1915,1948,1979,2011,2043,2074,2106,2138,2171,2205,2240,2276,2314,2355,2397,2442,2489,2540,2593,2651,2711,2776,2845,2919,2997,3082,3172,3269,3373,3485,3606,3737,3878,4030,4191,4363,4544,4735,4936,5145,5362,5587,5818,6054,6294,6536,6778,7017,7253,7481,7699,7906,8099,8279,8446,8599,8739,8865,8979,9079,9168,9246,9313,9370,9419,9460,9495,9524,9548,9570,9589
18,1614,1647,1679,1711,1742,1773,1804,1833,1863,1892,1920,1948,1977,2005,2033,2063,2093,2124,2156,2191,2227,2266,2307,2351,2398,2447,2500,2557,2616,2680,2747,2818,2893,2973,3058,3148,3244,3345,3454,3569,3693,3824,3964,4112,4268,4432,4603,4783,4969,5162,5361,5565,5773,5985,6199,6414,6629,6840,7048,7249,7442,7627,7803,7969,8126,8275,8413,8543,8664,8776,8880,8977,9066,9149,9227,9299,9367,9432,9495,9556
19,1627,1656,1684,1713,1740,1767,1794,1820,1846,1871,1896,1921,1946,1972,1998,2025,2053,2083,2115,2149,2185,2224,2267,2312,2361,2412,2468,2526,2589,2655,2724,2798,2875,2957,3043,3134,3229,3330,3436,3548,3666,3791,3923,4061,4206,4357,4514,4678,4848,5023,5203,5387,5576,5768,5962,6157,6353,6547,6739,6928,7111,7289,7461,7627,7787,7941,8088,8229,8365,8494,8617,8736,8849,8957,9062,9163,9261,9357,9452,9545
20,1639,1665,1690,1715,1739,1762,1785,1808,1830,1853,1875,1897,1919,1942,1967,1992,2019,2047,2079,2112,2149,2189,2232,2279,2329,2383,2441,2502,2567,2635,2708,2784,2864,2948,3036,3128,3224,3325,3430,3541,3656,3777,3903,4035,4172,4314,4462,4615,4772,4935,5101,5272,5446,5624,5803,5985,6167,6349,6530,6710,6886,7059,7228,7393,7555,7713,7866,8015,8160,8302,8439,8573,8704,8831,8956,9078,9199,9319,9437,9555
21,1652,1674,1696,1717,1738,1758,1778,1798,1817,1836,1856,1875,1896,1917,1939,1963,1989,2017,2047,2081,2118,2159,2203,2251,2303,2359,2419,2482,2550,2621,2696,2775,2858,2945,3035,3129,3227,3329,3435,3545,3660,3779,3902,4030,4163,4300,4441,4587,4737,4891,5049,5210,5374,5542,5712,5883,6057,6230,6404,6577,6748,6917,7084,7249,7412,7572,7729,7884,8036,8186,8333,8478,8621,8761,8901,9038,9175,9311,9447,9584
22,1665,1684,1703,1721,1738,1755,1772,1789,1805,1822,1839,1857,1875,1894,1915,1938,1963,1990,2020,2054,2091,2133,2178,2228,2282,2339,2401,2467,2537,2611,2689,2771,2857,2947,3040,3137,3238,3342,3450,3562,3677,3796,3919,4045,4176,4310,4448,4590,4736,4885,5038,5193,5352,5514,5677,5843,6010,6179,6347,6516,6684,6851,7017,7181,7344,7506,7666,7824,7981,8136,8289,8441,8592,8742,8890,9038,9185,9333,9481,9629
23,1678,1694,1709,1724,1739,1753,1767,1781,1795,1810,1824,1840,1857,1875,1894,1916,1940,1967,1997,2031,2069,2111,2158,2208,2264,2323,2388,2456,2529,2606,2687,2772,2861,2954,3051,3151,3255,3363,3474,3588,3706,3827,3951,4078,4209,4344,4481,4622,4767,4914,5065,5218,5374,5533,5694,5857,6021,6186,6353,6519,6685,6851,7016,7180,7344,7506,7667,7828,7987,8145,8301,8457,8612,8766,8920,9073,9227,9380,9535,9690
24,1692,1705,1718,1730,1741,1753,1764,1776,1787,1800,1812,1826,1842,1858,1877,1898,1921,1948,1978,2012,2051,2094,2142,2194,2251,2313,2380,2451,2526,2606,2691,2780,2873,2970,3071,3176,3284,3396,3511,3630,3751,3875,4003,4133,4267,4403,4543,4685,4831,4979,5130,5284,5440,5598,5759,5921,6084,6249,6415,6580,6746,6911,7076,7240,7404,7566,7728,7888,8048,8207,8365,8522,8678,8834,8990,9145,9300,9456,9613,9770
25,1709,1719,1729,1738,1747,1755,1764,1773,1783,1793,1804,1817,1831,1846,1864,1885,1908,1935,1965,2000,2039,2084,2133,2187,2247,2311,2380,2454,2534,2617,2706,2799,2897,2999,3106,3216,3330,3447,3568,3692,3819,3948,4081,4216,4353,4494,4637,4783,4932,5083,5237,5393,5551,5711,5872,6036,6200,6365,6531,6697,6863,7028,7193,7357,7520,7682,7843,8003,8163,8321,8478,8634,8790,8945,9100,9254,9409,9564,9719,9876
26,1731,1737,1744,1750,1756,1762,1769,1776,1783,1791,1801,1812,1825,1840,1857,1877,1900,1927,1958,1994,2035,2081,2132,2189,2251,2319,2391,2470,2553,2642,2736,2834,2938,3047,3159,3276,3398,3522,3650,3781,3915,4051,4190,4332,4475,4622,4771,4922,5075,5231,5388,5548,5709,5872,6036,6202,6368,6534,6701,6868,7034,7200,7364,7528,7690,7852,8012,8171,8328,8485,8640,8794,8947,9100,9252,9403,9555,9707,9859,10012
27,1757,1761,1764,1767,1771,1774,1778,1783,1788,1795,1803,1813,1824,1839,1856,1876,1899,1927,1959,1996,2038,2087,2141,2201,2266,2338,2415,2498,2587,2682,2782,2888,2999,3115,3236,3362,3492,3626,3763,3903,4045,4190,4337,4486,4638,4792,4947,5105,5265,5426,5589,5753,5918,6085,6252,6420,6589,6757,6925,7093,7260,7425,7590,7753,7914,8074,8233,8389,8544,8698,8850,9001,9151,9299,9447,9594,9741,9888,10035,10183
28,1789,1789,1790,1790,1791,1791,1793,1795,1799,1804,1810,1819,1830,1844,1860,1881,1905,1933,1967,2005,2050,2101,2159,2222,2292,2369,2452,2541,2636,2738,2846,2961,3081,3206,3337,3473,3613,3758,3906,4057,4210,4365,4522,4681,4842,5004,5168,5333,5500,5668,5837,6007,6177,6348,6519,6690,6861,7031,7201,7369,7536,7702,7865,8027,8187,8345,8501,8655,8807,8957,9105,9251,9396,9540,9682,9824,9964,10105,10246,10387
29,1825,1823,1820,1818,1815,1814,1813,1813,1815,1818,1823,1831,1841,1854,1871,1891,1916,1946,1981,2021,2069,2123,2184,2252,2327,2409,2498,2594,2697,2807,2924,3048,3178,3314,3456,3604,3756,3913,4073,4236,4402,4568,4737,4907,5078,5250,5423,5598,5772,5948,6123,6299,6475,6650,6826,7000,7173,7346,7516,7685,7853,8018,8180,8341,8499,8654,8807,8957,9105,9250,9394,9534,9674,9811,9947,10081,10215,10348,10481,10614
30,1866,1861,1855,1849,1844,1840,1837,1835,1835,1837,1841,1847,1857,1870,1887,1907,1933,1964,2000,2043,2093,2151,2216,2289,2369,2457,2552,2655,2766,2885,3012,3145,3286,3434,3588,3749,3914,4084,4258,4435,4613,4793,4973,5155,5338,5521,5705,5888,6072,6255,6438,6621,6802,6983,7162,7340,7516,7690,7862,8032,8199,8363,8525,8683,8838,8990,9139,9285,9428,9568,9705,9840,9972,10102,10230,10357,10482,10607,10731,10855
31,1911,1903,1894,1885,1878,1871,1866,1862,1860,1860,1863,1869,1878,1890,1907,1928,1955,1987,2025,2070,2123,2184,2253,2330,2416,2509,2612,2722,2842,2969,3106,3250,3402,3562,3729,3902,4082,4266,4454,4645,4837,5030,5224,5419,5613,5808,6002,6196,6389,6582,6772,6962,7150,7335,7519,7700,7879,8055,8229,8399,8565,8728,8888,9044,9196,9344,9489,9630,9767,9901,10031,10158,10283,10405,10524,10642,10758,10873,10987,11100
32,1960,1948,1937,1925,1915,1906,1899,1893,1889,1888,1890,1895,1903,1915,1932,1954,1981,2014,2054,2101,2157,2221,2294,2376,2466,2566,2675,2793,2921,3057,3203,3358,3522,3694,3873,4060,4253,4452,4654,4860,5066,5273,5481,5688,5896,6102,6308,6513,6716,6917,7116,7313,7507,7698,7887,8072,8253,8431,8606,8776,8942,9104,9261,9414,9563,9707,9846,9981,10112,10239,10362,10481,10597,10709,10819,10927,11033,11137,11240,11343
33,2012,1997,1983,1969,1957,1945,1936,1928,1923,1920,1921,1924,1932,1944,1961,1983,2011,2045,2086,2136,2194,2261,2338,2424,2520,2625,2741,2866,3001,3147,3302,3468,3642,3826,4019,4219,4426,4638,4855,5075,5296,5517,5738,5959,6179,6398,6616,6831,7044,7255,7462,7667,7868,8065,8258,8447,8632,8812,8987,9158,9323,9484,9639,9788,9933,10072,10206,10334,10458,10577,10692,10802,10908,11011,11111,11208,11303,11396,11487,11578
34,2068,2050,2033,2017,2002,1988,1976,1967,1960,1956,1955,1958,1965,1977,1994,2016,2044,2079,2122,2174,2234,2305,2385,2475,2576,2687,2808,2941,3084,3238,3403,3578,3764,3959,4164,4377,4598,4825,5056,5290,5525,5761,5996,6230,6463,6695,6924,7150,7374,7594,7811,8023,8231,8434,8633,8826,9014,9196,9373,9543,9708,9866,10019,10165,10305,10439,10566,10688,10804,10915,11020,11121,11218,11310,11399,11484,11567,11648,11727,11805
35,2127,2106,2087,2068,2050,2034,2021,2009,2001,1995,1993,1995,2002,2013,2030,2052,2081,2117,2162,2215,2278,2351,2435,2529,2634,2751,2878,3018,3168,3331,3504,3690,3886,4093,4310,4536,4770,5011,5257,5505,5755,6004,6253,6501,6747,6991,7233,7471,7705,7935,8161,8381,8597,8806,9010,9208,9399,9583,9761,9932,10096,10252,10402,10544,10679,10807,10928,11042,11150,11252,11348,11439,11524,11605,11682,11755,11826,11894,11960,12025
36,2189,2166,2144,2122,2102,2084,2068,2055,2045,2038,2035,2036,2042,2053,2069,2092,2121,2159,2204,2259,2324,2400,2487,2586,2695,2817,2950,3096,3254,3424,3607,3802,4009,4227,4456,4695,4943,5197,5457,5719,5983,6247,6510,6771,7031,7288,7541,7791,8037,8277,8512,8741,8964,9181,9390,9592,9787,9974,10153,10324,10487,10641,10788,10925,11055,11177,11291,11397,11496,11588,11674,11754,11828,11897,11961,12022,12079,12134,12187,12238
37,2255,2229,2204,2180,2158,2137,2119,2104,2093,2084,2080,2080,2085,2096,2112,2135,2165,2203,2249,2306,2373,2452,2542,2644,2759,2885,3024,3176,3341,3520,3711,3915,4133,4362,4603,4854,5114,5382,5656,5933,6211,6489,6766,7041,7314,7584,7850,8112,8369,8620,8865,9103,9334,9557,9773,9980,10178,10368,10548,10719,10881,11033,11176,11309,11433,11548,11655,11752,11842,11924,11999,12067,12129,12185,12237,12284,12328,12368,12407,12444
38,2325,2296,2268,2241,2217,2194,2174,2157,2143,2134,2128,2127,2132,2142,2158,2180,2211,2249,2297,2355,2425,2506,2599,2705,2824,2955,3100,3258,3430,3616,3816,4030,4257,4497,4749,5013,5286,5567,5855,6146,6438,6730,7021,7310,7597,7880,8159,8433,8701,8963,9218,9466,9705,9936,10157,10369,10572,10764,10946,11117,11278,11427,11567,11695,11813,11921,12019,12108,12188,12259,12322,12378,12427,12471,12508,12542,12571,12597,12621,12643
39,2398,2366,2335,2306,2279,2254,2232,2213,2197,2186,2179,2177,2181,2190,2206,2229,2260,2299,2348,2407,2479,2563,2659,2769,2891,3027,3177,3342,3521,3714,3922,4144,4381,4632,4896,5171,5457,5752,6053,6358,6664,6970,7275,7578,7879,8175,8467,8754,9034,9307,9572,9829,10077,10316,10544,10761,10968,11163,11346,11518,11677,11824,11960,12083,12195,12295,12385,12464,12533,12593,12644,12687,12723,12753,12776,12795,12809,12820,12829,12836
40,2474,2439,2406,2374,2344,2317,2292,2271,2254,2242,2234,2231,2233,2242,2257,2280,2311,2351,2401,2462,2535,2622,2721,2834,2960,3101,3257,3427,3612,3813,4029,4260,4506,4767,5042,5329,5627,5935,6250,6568,6889,7209,7528,7845,8159,8470,8775,9074,9366,9651,9927,10194,10451,10697,10932,11155,11366,11564,11749,11921,12079,12224,12355,12473,12578,12670,12751,12820,12878,12926,12965,12995,13016,13031,13040,13044,13043,13038,13031,13022
41,2553,2516,2479,2445,2412,2383,2356,2333,2314,2300,2291,2286,2288,2296,2311,2334,2365,2406,2457,2519,2594,2683,2785,2901,3032,3177,3337,3513,3705,3913,4136,4376,4632,4903,5188,5487,5797,6118,6446,6778,7112,7446,7780,8111,8439,8763,9081,9394,9698,9995,10282,10559,10826,11080,11322,11551,11767,11968,12155,12327,12484,12625,12752,12864,12962,13047,13118,13176,13223,13258,13284,13300,13307,13307,13300,13288,13271,13251,13228,13203
42,2636,2595,2556,2519,2484,2452,2423,2398,2377,2361,2350,2345,2346,2353,2368,2391,2422,2463,2515,2578,2655,2746,2851,2970,3105,3254,3420,3601,3799,4013,4245,4493,4758,5038,5334,5644,5967,6300,6640,6986,7334,7682,8030,8375,8717,9055,9387,9712,10030,10339,10637,10925,11201,11464,11714,11949,12170,12374,12563,12735,12891,13029,13152,13258,13348,13424,13485,13532,13567,13590,13601,13603,13595,13580,13557,13529,13496,13459,13419,13378
43,2722,2678,2636,2596,2558,2524,2493,2466,2443,2425,2413,2406,2406,2413,2427,2449,2481,2523,2575,2640,2719,2811,2919,3042,3180,3333,3503,3690,3894,4115,4354,4610,4884,5174,5480,5801,6135,6480,6834,7193,7555,7917,8278,8637,8994,9345,9691,10030,10361,10682,10993,11291,11577,11849,12107,12349,12574,12782,12973,13146,13300,13435,13553,13653,13736,13802,13853,13889,13911,13920,13917,13904,13881,13849,13810,13765,13716,13662,13605,13548
44,2812,2765,2719,2676,2636,2599,2565,2536,2511,2492,2478,2470,2469,2475,2488,2511,2542,2584,2638,2704,2784,2879,2989,3115,3256,3414,3589,3781,3990,4218,4464,4728,5010,5310,5626,5957,6303,6660,7026,7399,7773,8149,8525,8898,9269,9635,9995,10347,10691,11025,11348,11658,11954,12235,12501,12750,12980,13193,13385,13558,13711,13843,13956,14049,14124,14181,14221,14245,14254,14249,14232,14203,14164,14116,14060,13998,13931,13860,13787,13712
45,2904,2854,2806,2760,2716,2677,2641,2609,2583,2561,2546,2537,2534,2539,2552,2574,2606,2648,2702,2770,2851,2948,3061,3189,3334,3496,3675,3872,4088,4322,4575,4846,5137,5445,5771,6113,6470,6839,7217,7602,7991,8380,8770,9157,9542,9922,10296,10663,11020,11367,11702,12024,12331,12622,12896,13152,13388,13605,13800,13973,14124,14253,14360,14447,14513,14561,14589,14601,14597,14577,14545,14500,14444,14379,14307,14227,14142,14054,13963,13871
46,3000,2947,2895,2846,2800,2757,2719,2685,2656,2633,2616,2605,2602,2606,2619,2640,2672,2715,2769,2838,2921,3020,3135,3266,3414,3580,3763,3965,4186,4426,4686,4965,5263,5581,5916,6268,6636,7016,7407,7805,8206,8609,9012,9414,9813,10208,10596,10977,11348,11709,12057,12390,12708,13010,13292,13555,13798,14018,14216,14389,14539,14665,14767,14846,14904,14941,14958,14957,14939,14905,14856,14795,14722,14640,14550,14452,14350,14244,14135,14025
47,3099,3042,2987,2935,2886,2841,2800,2764,2733,2708,2689,2677,2672,2675,2687,2709,2740,2783,2838,2908,2992,3093,3210,3344,3496,3665,3853,4060,4286,4532,4798,5084,5390,5716,6061,6423,6801,7192,7595,8005,8420,8836,9253,9670,10083,10492,10895,11290,11675,12049,12410,12756,13086,13397,13689,13960,14209,14433,14634,14808,14956,15078,15175,15247,15296,15322,15327,15313,15280,15231,15166,15088,14998,14898,14789,14674,14553,14429,14302,14175
48,3201,3141,3083,3027,2975,2927,2884,2845,2812,2785,2764,2751,2745,2747,2758,2779,2810,2854,2909,2980,3066,3168,3287,3424,3579,3752,3944,4155,4386,4638,4910,5203,5517,5851,6205,6576,6965,7367,7782,8204,8632,9061,9492,9923,10350,10774,11192,11601,12001,12389,12763,13122,13463,13786,14087,14366,14621,14850,15053,15228,15374,15493,15584,15649,15688,15704,15697,15668,15621,15556,15474,15379,15271,15153,15026,14892,14753,14610,14465,14320
49,3307,3243,3181,3122,3067,3016,2970,2929,2894,2864,2842,2827,2820,2821,2831,2852,2883,2926,2983,3054,3141,3245,3367,3506,3663,3840,4035,4251,4487,4745,5023,5323,5644,5986,6348,6729,7128,7541,7967,8401,8841,9284,9729,10174,10616,11054,11487,11911,12325,12727,13115,13487,13841,14174,14485,14772,15034,15268,15474,15650,15795,15909,15995,16052,16082,16086,16066,16024,15961,15880,15781,15668,15542,15405,15260,15107,14949,14787,14624,14461
50,3415,3348,3282,3220,3162,3108,3059,3015,2978,2947,2922,2906,2897,2897,2907,2927,2958,3001,3058,3129,3218,3324,3447,3589,3749,3929,4129,4349,4590,4852,5137,5443,5771,6121,6491,6881,7290,7713,8150,8597,9049,9505,9964,10422,10879,11332,11780,12219,12648,13065,13467,13852,14218,14563,14884,15180,15448,15688,15897,16073,16216,16327,16407,16456,16476,16469,16436,16379,16301,16202,16087,15955,15811,15655,15490,15318,15141,14961,14779,14597
51,3527,3455,3387,3321,3260,3203,3151,3105,3065,3031,3005,2987,2977,2976,2984,3004,3034,3078,3135,3207,3297,3404,3530,3674,3837,4020,4223,4447,4693,4961,5251,5563,5898,6255,6634,7033,7450,7884,8332,8790,9255,9724,10196,10669,11140,11608,12071,12525,12969,13401,13817,14216,14595,14951,15283,15588,15864,16109,16321,16498,16640,16747,16820,16861,16871,16852,16805,16734,16639,16524,16391,16241,16077,15902,15718,15526,15330,15130,14930,14730
52,3641,3566,3494,3425,3360,3300,3245,3196,3154,3118,3090,3070,3059,3056,3064,3083,3113,3156,3214,3287,3378,3487,3614,3760,3926,4112,4319,4547,4797,5070,5365,5684,6025,6389,6776,7183,7610,8054,8513,8982,9459,9941,10426,10913,11399,11882,12359,12829,13289,13735,14166,14579,14971,15340,15683,15997,16280,16531,16746,16924,17064,17168,17235,17267,17267,17235,17175,17088,16977,16845,16693,16524,16341,16147,15942,15731,15515,15296,15077,14858
53,3758,3679,3603,3531,3463,3400,3342,3290,3246,3208,3178,3156,3143,3139,3146,3164,3194,3237,3295,3369,3460,3571,3700,3848,4017,4205,4416,4647,4902,5179,5480,5804,6152,6523,6917,7333,7769,8222,8691,9172,9661,10155,10654,11155,11655,12153,12646,13132,13607,14069,14515,14942,15348,15729,16083,16406,16698,16954,17173,17352,17491,17590,17650,17674,17663,17619,17545,17442,17315,17164,16994,16806,16603,16388,16164,15933,15697,15459,15220,14983
54,3879,3796,3716,3640,3569,3502,3442,3387,3340,3300,3267,3244,3229,3224,3230,3247,3277,3320,3378,3452,3545,3656,3787,3938,4108,4300,4514,4749,5007,5289,5595,5925,6279,6657,7058,7482,7926,8389,8868,9360,9860,10368,10880,11394,11910,12423,12931,13432,13923,14400,14862,15304,15723,16117,16483,16816,17116,17378,17600,17781,17918,18013,18067,18082,18060,18003,17914,17796,17651,17483,17293,17086,16863,16628,16383,16132,15876,15618,15360,15104
55,4002,3915,3832,3752,3677,3607,3544,3486,3436,3394,3360,3334,3318,3312,3316,3333,3362,3405,3463,3538,3631,3744,3876,4029,4202,4396,4613,4852,5114,5400,5711,6046,6406,6790,7198,7630,8082,8555,9044,9546,10058,10578,11103,11632,12161,12690,13214,13731,14237,14731,15208,15665,16098,16505,16883,17227,17535,17803,18029,18211,18347,18437,18485,18491,18458,18388,18284,18150,17987,17800,17591,17363,17120,16865,16600,16328,16051,15774,15496,15222
56,4128,4037,3950,3866,3788,3715,3648,3588,3535,3491,3454,3427,3409,3401,3405,3420,3449,3491,3550,3625,3719,3833,3967,4121,4296,4493,4713,4955,5221,5512,5827,6167,6532,6923,7338,7777,8238,8719,9217,9730,10253,10785,11324,11866,12411,12954,13494,14027,14550,15059,15552,16024,16473,16894,17283,17638,17954,18229,18459,18642,18776,18863,18904,18900,18856,18773,18654,18503,18322,18116,17887,17640,17376,17099,16813,16521,16224,15926,15630,15336
57,4257,4162,4071,3984,3902,3825,3755,3692,3637,3590,3551,3521,3502,3493,3495,3510,3538,3580,3638,3714,3809,3924,4059,4215,4392,4592,4814,5059,5329,5623,5943,6288,6659,7056,7477,7923,8392,8881,9389,9912,10447,10991,11542,12099,12658,13217,13772,14321,14861,15387,15895,16383,16847,17281,17683,18049,18374,18656,18890,19075,19207,19290,19323,19311,19254,19158,19023,18855,18657,18431,18182,17914,17629,17332,17024,16711,16394,16076,15760,15448
58,4388,4290,4194,4104,4018,3938,3865,3799,3741,3691,3650,3619,3597,3587,3588,3602,3629,3671,3729,3805,3900,4016,4153,4310,4490,4691,4916,5165,5438,5736,6060,6409,6786,7188,7615,8068,8544,9042,9559,10092,10638,11194,11759,12329,12903,13477,14048,14614,15169,15712,16237,16741,17220,17669,18083,18460,18795,19083,19322,19508,19640,19717,19744,19722,19654,19543,19393,19207,18990,18745,18476,18186,17880,17562,17233,16898,16560,16222,15887,15556
59,4523,4420,4321,4226,4137,4054,3977,3908,3847,3795,3751,3718,3695,3683,3683,3695,3722,3763,3821,3897,3993,4110,4248,4407,4588,4792,5020,5271,5547,5849,6177,6531,6912,7319,7753,8212,8696,9202,9728,10271,10827,11395,11973,12557,13145,13734,14322,14904,15476,16036,16578,17098,17592,18055,18483,18872,19216,19512,19755,19943,20073,20146,20166,20134,20053,19928,19762,19559,19323,19058,18768,18457,18130,17789,17439,17083,16724,16366,16011,15661
60,4660,4553,4450,4351,4258,4172,4092,4020,3956,3901,3855,3820,3795,3781,3779,3791,3817,3858,3916,3992,4088,4206,4345,4505,4688,4894,5124,5378,5657,5962,6294,6652,7038,7451,7890,8356,8846,9360,9895,10447,11015,11594,12184,12782,13385,13990,14593,15192,15781,16358,16917,17454,17964,18442,18883,19284,19638,19941,20189,20378,20507,20576,20588,20546,20454,20314,20132,19911,19655,19370,19059,18727,18377,18015,17643,17265,16886,16507,16132,15763
61,4800,4689,4581,4479,4382,4292,4209,4134,4067,4009,3961,3923,3897,3881,3878,3889,3914,3954,4012,4088,4185,4303,4443,4605,4789,4997,5229,5486,5768,6076,6411,6774,7164,7582,8027,8498,8996,9517,10060,10622,11200,11791,12393,13005,13622,14242,14862,15478,16084,16678,17255,17808,18334,18828,19283,19696,20060,20371,20624,20815,20942,21007,21011,20959,20854,20700,20501,20262,19987,19681,19348,18994,18623,18238,17844,17445,17044,16645,16250,15862
62,4943,4827,4716,4609,4509,4415,4329,4250,4181,4120,4070,4030,4001,3984,3979,3989,4013,4052,4110,4186,4283,4402,4543,4706,4892,5102,5336,5595,5879,6191,6529,6895,7290,7712,8162,8640,9144,9672,10223,10795,11383,11985,12600,13225,13857,14493,15129,15761,16385,16997,17591,18162,18704,19213,19683,20108,20482,20801,21059,21252,21378,21438,21435,21373,21255,21086,20870,20612,20317,19990,19636,19260,18866,18459,18043,17622,17200,16780,16366,15959
63,5088,4968,4853,4742,4638,4540,4451,4369,4296,4233,4180,4138,4107,4088,4082,4091,4114,4153,4210,4286,4383,4502,4644,4808,4996,5207,5443,5704,5991,6306,6647,7017,7415,7842,8297,8780,9290,9826,10385,10965,11564,12177,12805,13443,14090,14741,15394,16043,16685,17314,17925,18514,19073,19598,20082,20520,20905,21232,21495,21691,21815,21871,21860,21787,21656,21472,21239,20962,20647,20299,19923,19524,19108,18678,18240,17797,17354,16913,16479,16053
64,5236,5112,4992,4878,4770,4668,4575,4490,4415,4349,4293,4249,4216,4195,4188,4194,4216,4255,4311,4387,4485,4604,4747,4912,5101,5313,5551,5814,6104,6421,6766,7139,7541,7972,8432,8920,9436,9979,10546,11134,11742,12367,13007,13659,14320,14987,15656,16322,16982,17629,18258,18865,19441,19982,20481,20932,21328,21663,21932,22130,22253,22304,22286,22202,22058,21858,21607,21311,20976,20606,20208,19787,19348,18895,18435,17970,17505,17044,16589,16145
65,5387,5258,5134,5016,4904,4799,4702,4614,4535,4467,4408,4361,4326,4304,4295,4300,4321,4359,4415,4490,4588,4708,4851,5017,5207,5421,5660,5926,6217,6537,6884,7260,7666,8101,8565,9059,9581,10130,10704,11301,11919,12555,13207,13872,14548,15231,15916,16600,17277,17942,18590,19214,19808,20366,20880,21344,21751,22095,22370,22570,22692,22738,22712,22618,22460,22244,21976,21661,21304,20913,20492,20048,19586,19110,18627,18140,17654,17172,16697,16234
66,5540,5407,5279,5156,5040,4932,4832,4740,4658,4587,4526,4476,4439,4415,4404,4408,4428,4465,4520,4595,4693,4813,4957,5124,5314,5530,5771,6037,6331,6653,7003,7382,7791,8229,8698,9196,9724,10279,10861,11467,12094,12741,13405,14084,14774,15472,16174,16875,17570,18254,18920,19563,20175,20749,21278,21756,22175,22528,22808,23011,23131,23173,23139,23034,22863,22631,22344,22009,21632,21218,20775,20308,19822,19324,18817,18308,17800,17297,16803,16321
67,5696,5559,5426,5299,5179,5067,4963,4869,4784,4709,4646,4594,4554,4528,4516,4518,4537,4573,4627,4702,4800,4920,5064,5231,5423,5640,5882,6150,6446,6769,7122,7504,7915,8358,8830,9333,9866,10427,11016,11630,12267,12924,13600,14292,14997,15711,16429,17148,17861,18564,19249,19910,20540,21131,21676,22168,22599,22961,23247,23452,23572,23609,23567,23450,23265,23017,22712,22357,21959,21523,21056,20566,20057,19535,19006,18474,17944,17421,16907,16405
68,5854,5713,5576,5445,5321,5205,5098,5000,4911,4834,4768,4713,4672,4643,4629,4630,4648,4682,4736,4811,4908,5028,5172,5340,5533,5750,5994,6263,6561,6886,7241,7625,8040,8485,8962,9469,10007,10574,11170,11792,12438,13106,13794,14499,15218,15947,16683,17419,18151,18872,19576,20256,20904,21513,22074,22580,23023,23394,23687,23894,24013,24045,23995,23867,23668,23404,23080,22705,22285,21826,21337,20822,20290,19744,19192,18638,18086,17542,17008,16488
69,6015,5869,5728,5593,5465,5345,5234,5133,5042,4961,4892,4835,4791,4761,4745,4744,4760,4794,4847,4921,5018,5138,5283,5451,5644,5862,6107,6378,6676,7004,7360,7747,8164,8613,9093,9604,10147,10720,11322,11952,12607,13285,13985,14703,15437,16182,16934,17688,18438,19178,19901,20600,21267,21894,22472,22992,23447,23828,24127,24337,24455,24482,24424,24285,24071,23790,23448,23052,22610,22129,21616,21077,20521,19952,19376,18800,18226,17661,17107,16568
70,6179,6028,5883,5744,5612,5488,5374,5269,5174,5091,5019,4959,4913,4880,4863,4861,4875,4908,4960,5033,5130,5250,5394,5563,5756,5975,6220,6493,6793,7121,7480,7868,8288,8740,9223,9738,10286,10864,11473,12110,12774,13462,14174,14905,15653,16414,17183,17954,18723,19483,20225,20944,21629,22274,22868,23404,23871,24262,24568,24781,24897,24920,24853,24703,24475,24177,23816,23399,22935,22430,21893,21331,20750,20158,19559,18959,18364,17778,17204,16646
71,6345,6190,6040,5897,5761,5633,5515,5407,5309,5222,5148,5086,5037,5002,4982,4979,4992,5023,5074,5147,5243,5363,5507,5676,5870,6089,6335,6608,6909,7239,7599,7990,8412,8866,9353,9872,10423,11007,11622,12266,12939,13638,14361,15105,15867,16644,17429,18219,19007,19785,20548,21286,21991,22653,23265,23816,24296,24697,25009,25225,25340,25358,25283,25121,24879,24563,24183,23745,23258,22731,22170,21583,20978,20362,19739,19117,18500,17893,17299,16723
72,6514,6354,6200,6052,5912,5781,5659,5547,5446,5356,5279,5214,5163,5126,5104,5099,5110,5141,5191,5262,5358,5477,5621,5790,5984,6204,6451,6724,7027,7358,7719,8112,8536,8992,9481,10004,10560,11148,11769,12421,13102,13811,14545,15303,16079,16871,17674,18482,19288,20086,20869,21626,22351,23032,23661,24227,24721,25132,25451,25670,25784,25797,25714,25540,25283,24950,24550,24091,23582,23030,22445,21834,21205,20564,19918,19273,18634,18006,17392,16797
73,6685,6521,6362,6210,6067,5931,5806,5690,5586,5493,5412,5345,5291,5252,5228,5221,5231,5260,5309,5380,5474,5593,5737,5906,6100,6320,6567,6841,7144,7477,7839,8233,8659,9118,9610,10135,10695,11288,11915,12574,13264,13982,14728,15498,16289,17097,17916,18742,19568,20386,21188,21966,22710,23410,24057,24638,25145,25567,25893,26115,26229,26237,26145,25959,25687,25337,24917,24436,23904,23329,22719,22084,21430,20765,20095,19427,18766,18117,17484,16870
74,6858,6690,6527,6371,6223,6084,5954,5835,5728,5632,5548,5478,5422,5380,5355,5345,5354,5381,5429,5499,5592,5711,5854,6023,6217,6437,6684,6959,7263,7596,7959,8354,8782,9243,9737,10266,10829,11427,12060,12725,13423,14152,14909,15692,16497,17320,18157,19001,19845,20683,21506,22304,23068,23787,24452,25050,25570,26002,26336,26562,26674,26677,26576,26378,26091,25723,25283,24781,24226,23627,22992,22332,21653,20964,20270,19579,18896,18226,17573,16941
75,7034,6861,6694,6534,6382,6239,6106,5983,5872,5773,5686,5613,5555,5511,5483,5472,5478,5504,5550,5619,5712,5830,5973,6141,6335,6555,6802,7077,7381,7715,8080,8476,8905,9367,9864,10396,10963,11565,12203,12875,13581,14319,15087,15883,16702,17541,18395,19257,20121,20979,21822,22641,23425,24164,24846,25460,25995,26438,26779,27008,27120,27118,27009,26798,26496,26110,25650,25126,24547,23923,23264,22579,21875,21161,20444,19730,19025,18333,17661,17010
76,7213,7035,6864,6700,6543,6396,6259,6133,6019,5916,5827,5751,5690,5643,5613,5600,5605,5629,5674,5742,5834,5951,6093,6261,6454,6674,6921,7197,7501,7835,8200,8597,9027,9491,9990,10524,11095,11701,12344,13023,13737,14485,15264,16072,16906,17761,18631,19512,20395,21273,22137,22976,23781,24540,25241,25871,26420,26874,27223,27455,27566,27560,27441,27219,26901,26497,26016,25470,24867,24219,23535,22824,22095,21357,20616,19878,19151,18439,17747,17078
77,7394,7212,7036,6867,6707,6556,6416,6286,6168,6062,5969,5891,5827,5778,5746,5730,5733,5756,5800,5866,5957,6073,6214,6381,6574,6794,7041,7316,7621,7955,8321,8718,9150,9615,10116,10652,11226,11836,12484,13170,13891,14648,15438,16259,17107,17978,18866,19765,20667,21566,22450,23311,24136,24915,25634,26282,26845,27310,27667,27903,28014,28002,27874,27639,27306,26883,26382,25813,25187,24514,23805,23068,22314,21551,20786,20025,19276,18543,17831,17144
78,7578,7391,7211,7038,6874,6719,6574,6441,6319,6210,6115,6033,5966,5915,5880,5863,5864,5885,5927,5992,6082,6197,6337,6503,6696,6915,7162,7437,7741,8075,8441,8840,9272,9738,10241,10780,11356,11970,12623,13314,14044,14810,15611,16445,17306,18193,19098,20015,20938,21856,22762,23644,24490,25289,26027,26692,27270,27747,28111,28352,28461,28444,28308,28061,27711,27270,26748,26156,25506,24808,24073,23312,22532,21744,20954,20171,19399,18646,17914,17208
79,7764,7573,7388,7211,7042,6883,6735,6598,6473,6361,6262,6177,6108,6054,6017,5997,5996,6015,6056,6119,6208,6322,6461,6627,6818,7037,7283,7558,7862,8196,8562,8961,9393,9861,10365,10906,11485,12103,12761,13458,14195,14970,15782,16628,17504,18406,19328,20264,21206,22145,23072,23975,24843,25663,26420,27102,27695,28184,28556,28800,28909,28888,28742,28482,28116,27657,27113,26499,25824,25101,24341,23553,22748,21935,21121,20315,19521,18746,17995,17271
80,7952,7757,7568,7386,7214,7051,6898,6758,6629,6514,6412,6324,6252,6195,6156,6134,6131,6148,6187,6249,6336,6448,6587,6751,6942,7160,7405,7679,7983,8317,8683,9082,9515,9984,10489,11031,11613,12235,12897,13600,14344,15128,15951,16809,17699,18617,19556,20511,21473,22433,23381,24306,25195,26035,26812,27512,28120,28621,29002,29250,29358,29331,29177,28904,28522,28043,27479,26841,26142,25394,24607,23794,22963,22125,21287,20457,19641,18846,18075,17332
